<?xml version="1.0" encoding="UTF-8"?>
<project-private xmlns="http://www.netbeans.org/ns/project-private/1">
    <editor-bookmarks xmlns="http://www.netbeans.org/ns/editor-bookmarks/2" lastBookmarkId="0"/>
    <open-files xmlns="http://www.netbeans.org/ns/projectui-open-files/2">
        <group>
            <file>file:/C:/Users/aryan/OneDrive/Desktop/My%20projects/Java%20Prog%20Tech/LabyrinthProjectAryan/src/labyrinthprojectaryan/Main.java</file>
            <file>file:/C:/Users/aryan/OneDrive/Desktop/My%20projects/Java%20Prog%20Tech/LabyrinthProjectAryan/src/labyrinthprojectaryan/LabyrinthModel.java</file>
            <file>file:/C:/Users/aryan/OneDrive/Desktop/My%20projects/Java%20Prog%20Tech/LabyrinthProjectAryan/src/labyrinthprojectaryan/Leaderboardmanager.java</file>
            <file>file:/C:/Users/aryan/OneDrive/Desktop/My%20projects/Java%20Prog%20Tech/LabyrinthProjectAryan/src/labyrinthprojectaryan/LabyrinthGame.java</file>
            <file>file:/C:/Users/aryan/OneDrive/Desktop/My%20projects/Java%20Prog%20Tech/LabyrinthProjectAryan/src/labyrinthprojectaryan/LabyrinthView.java</file>
        </group>
    </open-files>
</project-private>
